1,17:41:35.440,Thread Group 1-1,GET - Filmes,202,Success,540,158,202,1
2,17:41:35.643,Thread Group 1-1,POST - Comprar,658,Success,312,200,658,0
3,17:41:36.301,Thread Group 1-1,GET - Filmes,202,Success,540,158,202,0
4,17:41:36.504,Thread Group 1-1,POST - Comprar,637,Success,312,200,637,0
5,17:41:36.439,Thread Group 1-2,GET - Filmes,702,Success,540,158,702,0
6,17:41:37.141,Thread Group 1-2,POST - Comprar,643,Success,313,200,643,0
7,17:41:37.141,Thread Group 1-1,GET - Filmes,844,Success,540,158,844,0
8,17:41:37.438,Thread Group 1-3,GET - Filmes,547,Success,540,158,547,1
9,17:41:37.784,Thread Group 1-2,GET - Filmes,202,Success,540,158,202,0
10,17:41:37.986,Thread Group 1-1,POST - Comprar,628,Success,312,200,628,0
11,17:41:37.986,Thread Group 1-3,POST - Comprar,1271,Success,312,200,1271,0
12,17:41:37.986,Thread Group 1-2,POST - Comprar,1920,Success,312,200,1920,0
13,17:41:38.439,Thread Group 1-4,GET - Filmes,1669,Success,540,158,1669,1
14,17:41:38.614,Thread Group 1-1,GET - Filmes,1494,Success,540,158,1494,0
15,17:41:39.258,Thread Group 1-3,GET - Filmes,850,Success,540,158,850,0
16,17:41:39.439,Thread Group 1-5,GET - Filmes,669,Success,540,158,669,1
17,17:41:39.907,Thread Group 1-2,GET - Filmes,201,Success,540,158,201,0
18,17:41:40.108,Thread Group 1-4,POST - Comprar,632,Success,312,200,632,0
19,17:41:40.108,Thread Group 1-3,POST - Comprar,1278,Success,313,200,1278,0
20,17:41:40.108,Thread Group 1-1,POST - Comprar,1927,Success,312,200,1927,0
21,17:41:40.109,Thread Group 1-2,POST - Comprar,2574,Success,313,200,2574,0
22,17:41:40.109,Thread Group 1-5,POST - Comprar,3223,Success,312,200,3223,0
23,17:41:41.386,Thread Group 1-3,GET - Filmes,2148,Success,540,158,2148,0
24,17:41:42.036,Thread Group 1-1,GET - Filmes,1498,Success,540,158,1498,0
25,17:41:42.684,Thread Group 1-2,GET - Filmes,851,Success,540,158,851,0
26,17:41:40.740,Thread Group 1-4,GET - Filmes,2795,Success,540,158,2795,0
27,17:41:40.440,Thread Group 1-6,GET - Filmes,3095,Success,540,158,3095,0
28,17:41:41.438,Thread Group 1-7,GET - Filmes,2098,Success,540,158,2097,1
29,17:41:43.333,Thread Group 1-5,GET - Filmes,203,Success,540,158,203,0
30,17:41:42.439,Thread Group 1-8,GET - Filmes,1097,Success,540,158,1097,1
31,17:41:43.535,Thread Group 1-3,POST - Comprar,643,Success,312,200,643,0
32,17:41:43.535,Thread Group 1-1,POST - Comprar,1301,Success,312,200,1301,0
33,17:41:43.535,Thread Group 1-2,POST - Comprar,1955,Success,313,200,1955,0
34,17:41:43.535,Thread Group 1-4,POST - Comprar,2610,Success,313,200,2610,0
35,17:41:43.439,Thread Group 1-9,GET - Filmes,2707,Success,540,158,2707,1
36,17:41:43.536,Thread Group 1-7,POST - Comprar,3269,Success,312,200,3269,0
37,17:41:43.536,Thread Group 1-6,POST - Comprar,3929,Success,312,200,3929,0
38,17:41:43.536,Thread Group 1-5,POST - Comprar,4586,Success,312,200,4586,0
39,17:41:43.536,Thread Group 1-8,POST - Comprar,5247,Success,313,200,5247,0
40,17:41:46.146,Thread Group 1-9,POST - Comprar,3313,Success,313,200,3313,0
41,17:41:44.178,Thread Group 1-3,GET - Filmes,5282,Success,540,158,5282,0
42,17:41:44.836,Thread Group 1-1,GET - Filmes,4624,Success,540,158,4624,0
43,17:41:45.490,Thread Group 1-2,GET - Filmes,3971,Success,540,158,3971,0
44,17:41:49.460,Thread Group 1-1,POST - Comprar,755,Success,313,200,755,0
45,17:41:49.460,Thread Group 1-3,POST - Comprar,1492,Success,313,200,1492,0
46,17:41:46.806,Thread Group 1-7,GET - Filmes,4146,Success,540,158,4146,0
47,17:41:48.122,Thread Group 1-5,GET - Filmes,2830,Success,540,158,2830,0
48,17:41:47.465,Thread Group 1-6,GET - Filmes,3487,Success,540,158,3487,0
49,17:41:46.146,Thread Group 1-4,GET - Filmes,4806,Success,540,158,4806,0
50,17:41:44.438,Thread Group 1-10,GET - Filmes,6515,Success,540,158,6515,0
51,17:41:48.784,Thread Group 1-8,GET - Filmes,2169,Success,540,158,2169,0
52,17:41:49.461,Thread Group 1-2,POST - Comprar,2207,Success,313,200,2207,0
53,17:41:50.952,Thread Group 1-6,POST - Comprar,1381,Success,312,200,1381,0
54,17:41:50.952,Thread Group 1-7,POST - Comprar,2052,Success,313,200,2052,0
55,17:41:50.952,Thread Group 1-5,POST - Comprar,2717,Success,313,200,2717,0
56,17:41:50.953,Thread Group 1-4,POST - Comprar,3382,Success,312,200,3382,0
57,17:41:50.953,Thread Group 1-10,POST - Comprar,4049,Success,313,200,4049,0
58,17:41:49.460,Thread Group 1-9,GET - Filmes,5542,Success,540,158,5542,0
59,17:41:50.954,Thread Group 1-8,POST - Comprar,4719,Success,312,200,4719,0
60,17:41:50.215,Thread Group 1-1,GET - Filmes,5458,Success,540,158,5458,0
61,17:41:50.952,Thread Group 1-3,GET - Filmes,4721,Success,540,158,4721,0
62,17:41:55.002,Thread Group 1-9,POST - Comprar,1337,Success,312,200,1337,0
63,17:41:51.669,Thread Group 1-2,GET - Filmes,4671,Success,540,158,4671,0
64,17:41:53.005,Thread Group 1-7,GET - Filmes,3335,Success,540,158,3335,0
65,17:41:53.669,Thread Group 1-5,GET - Filmes,2671,Success,540,158,2671,0
66,17:41:52.334,Thread Group 1-6,GET - Filmes,4006,Success,540,158,4006,0
67,17:41:54.335,Thread Group 1-4,GET - Filmes,2005,Success,540,158,2005,0
68,17:41:55.674,Thread Group 1-3,POST - Comprar,1322,Success,313,200,1322,0
69,17:41:55.674,Thread Group 1-1,POST - Comprar,1973,Success,312,200,1973,0
70,17:41:56.340,Thread Group 1-2,POST - Comprar,1971,Success,312,200,1971,0
71,17:41:56.340,Thread Group 1-7,POST - Comprar,2629,Success,312,200,2629,0
72,17:41:55.002,Thread Group 1-10,GET - Filmes,3968,Success,540,158,3967,0
73,17:41:56.340,Thread Group 1-5,POST - Comprar,3292,Success,312,200,3292,0
74,17:41:56.341,Thread Group 1-6,POST - Comprar,3950,Success,312,200,3950,0
75,17:41:56.341,Thread Group 1-4,POST - Comprar,4620,Success,313,200,4620,0
76,17:41:56.340,Thread Group 1-9,GET - Filmes,4622,Success,540,158,4622,0
77,17:41:55.673,Thread Group 1-8,GET - Filmes,5289,Success,540,158,5289,0
78,17:41:58.970,Thread Group 1-10,POST - Comprar,2650,Success,313,200,2650,0
79,17:41:57.648,Thread Group 1-1,GET - Filmes,3972,Success,540,158,3972,0
80,17:41:56.996,Thread Group 1-3,GET - Filmes,4624,Success,540,158,4624,0
81,17:41:58.312,Thread Group 1-2,GET - Filmes,3309,Success,540,158,3309,0
82,17:42:00.962,Thread Group 1-9,POST - Comprar,1317,Success,312,200,1317,0
83,17:42:00.962,Thread Group 1-8,POST - Comprar,1975,Success,313,200,1974,0
84,17:41:59.632,Thread Group 1-5,GET - Filmes,3305,Success,540,158,3305,0
85,17:42:00.291,Thread Group 1-6,GET - Filmes,2646,Success,540,158,2646,0
86,17:41:58.970,Thread Group 1-7,GET - Filmes,3967,Success,540,158,3967,0
87,17:42:01.621,Thread Group 1-1,POST - Comprar,1974,Success,312,200,1974,0
88,17:42:01.621,Thread Group 1-2,POST - Comprar,2630,Success,312,200,2630,0
89,17:42:01.621,Thread Group 1-3,POST - Comprar,3287,Success,313,200,3287,0
90,17:42:01.620,Thread Group 1-10,GET - Filmes,3289,Success,540,158,3289,0
91,17:42:00.962,Thread Group 1-4,GET - Filmes,3947,Success,540,158,3947,0
92,17:42:02.937,Thread Group 1-5,POST - Comprar,2629,Success,313,200,2629,0
93,17:42:02.937,Thread Group 1-6,POST - Comprar,3284,Success,313,200,3284,0
94,17:42:02.937,Thread Group 1-7,POST - Comprar,3939,Success,313,200,3939,0
95,17:42:02.279,Thread Group 1-9,GET - Filmes,4597,Success,540,158,4597,0
96,17:42:04.909,Thread Group 1-10,POST - Comprar,2623,Success,312,200,2623,0
97,17:42:04.909,Thread Group 1-4,POST - Comprar,3275,Success,312,200,3275,0
98,17:42:03.595,Thread Group 1-1,GET - Filmes,4589,Success,540,158,4589,0
99,17:42:04.251,Thread Group 1-2,GET - Filmes,3933,Success,540,158,3933,0
100,17:42:02.937,Thread Group 1-8,GET - Filmes,5248,Success,540,158,5248,0
101,17:42:06.878,Thread Group 1-9,POST - Comprar,1961,Success,312,200,1961,0
102,17:42:05.567,Thread Group 1-5,GET - Filmes,3272,Success,540,158,3272,0
103,17:42:06.222,Thread Group 1-6,GET - Filmes,2618,Success,540,158,2618,0
104,17:42:04.909,Thread Group 1-3,GET - Filmes,3930,Success,540,158,3930,0
105,17:42:08.185,Thread Group 1-1,POST - Comprar,1311,Success,313,200,1311,0
106,17:42:08.186,Thread Group 1-2,POST - Comprar,1964,Success,313,200,1964,0
107,17:42:08.186,Thread Group 1-8,POST - Comprar,2616,Success,313,200,2616,0
108,17:42:06.878,Thread Group 1-7,GET - Filmes,3925,Success,540,158,3925,0
109,17:42:07.533,Thread Group 1-10,GET - Filmes,3270,Success,540,158,3270,0
110,17:42:08.840,Thread Group 1-5,POST - Comprar,2615,Success,312,200,2615,0
111,17:42:08.840,Thread Group 1-6,POST - Comprar,3283,Success,313,200,3283,0
112,17:42:08.840,Thread Group 1-3,POST - Comprar,3933,Success,312,200,3932,0
113,17:42:08.185,Thread Group 1-4,GET - Filmes,4588,Success,540,158,4588,0
114,17:42:10.803,Thread Group 1-7,POST - Comprar,2618,Success,313,200,2618,0
115,17:42:10.803,Thread Group 1-10,POST - Comprar,3269,Success,313,200,3269,0
116,17:42:09.496,Thread Group 1-1,GET - Filmes,4576,Success,540,158,4576,0
117,17:42:10.150,Thread Group 1-2,GET - Filmes,3922,Success,540,158,3922,0
118,17:42:08.840,Thread Group 1-9,GET - Filmes,5233,Success,540,158,5233,0
119,17:42:12.773,Thread Group 1-4,POST - Comprar,1951,Success,313,200,1951,0
120,17:42:11.456,Thread Group 1-5,GET - Filmes,3269,Success,540,158,3269,0
121,17:42:10.803,Thread Group 1-8,GET - Filmes,3922,Success,540,158,3922,0
122,17:42:12.124,Thread Group 1-6,GET - Filmes,2601,Success,540,158,2601,0
123,17:42:14.073,Thread Group 1-1,POST - Comprar,1302,Success,312,200,1302,0
124,17:42:14.073,Thread Group 1-2,POST - Comprar,1950,Success,312,200,1950,0
125,17:42:14.073,Thread Group 1-9,POST - Comprar,2598,Success,313,200,2598,0
126,17:42:13.422,Thread Group 1-7,GET - Filmes,3250,Success,540,158,3250,0
127,17:42:12.773,Thread Group 1-3,GET - Filmes,3899,Success,540,158,3899,0
128,17:42:14.725,Thread Group 1-6,POST - Comprar,2593,Success,312,200,2593,0
129,17:42:14.725,Thread Group 1-5,POST - Comprar,3243,Success,313,200,3243,0
130,17:42:14.725,Thread Group 1-8,POST - Comprar,3891,Success,313,200,3890,0
131,17:42:14.073,Thread Group 1-10,GET - Filmes,4543,Success,540,158,4542,0
132,17:42:16.671,Thread Group 1-3,POST - Comprar,2593,Success,312,200,2593,0
133,17:42:15.374,Thread Group 1-1,GET - Filmes,4538,Success,540,158,4538,0
134,17:42:16.671,Thread Group 1-7,POST - Comprar,3241,Success,313,200,3241,0
135,17:42:16.023,Thread Group 1-2,GET - Filmes,3889,Success,540,158,3889,0
136,17:42:14.725,Thread Group 1-4,GET - Filmes,5189,Success,540,158,5189,0
137,17:42:18.615,Thread Group 1-10,POST - Comprar,1946,Success,313,200,1946,0
138,17:42:17.318,Thread Group 1-6,GET - Filmes,3243,Success,540,158,3243,0
139,17:42:17.968,Thread Group 1-5,GET - Filmes,2593,Success,540,158,2593,0
140,17:42:16.671,Thread Group 1-9,GET - Filmes,3890,Success,540,158,3890,0
141,17:42:19.913,Thread Group 1-1,POST - Comprar,1296,Success,313,200,1296,0
142,17:42:19.913,Thread Group 1-2,POST - Comprar,1943,Success,313,200,1943,0
143,17:42:19.264,Thread Group 1-3,GET - Filmes,3244,Success,540,158,3244,0
144,17:42:19.913,Thread Group 1-4,POST - Comprar,2595,Success,313,200,2595,0
145,17:42:18.615,Thread Group 1-8,GET - Filmes,3894,Success,540,158,3894,0
146,17:42:20.561,Thread Group 1-9,POST - Comprar,2594,Success,313,200,2594,0
147,17:42:20.561,Thread Group 1-5,POST - Comprar,3236,Success,313,200,3236,0
148,17:42:20.562,Thread Group 1-6,POST - Comprar,3879,Success,313,200,3879,0
149,17:42:19.913,Thread Group 1-7,GET - Filmes,4528,Success,540,158,4528,0
150,17:42:22.509,Thread Group 1-3,POST - Comprar,2577,Success,313,200,2577,0
151,17:42:22.509,Thread Group 1-8,POST - Comprar,3220,Success,313,200,3220,0
152,17:42:21.857,Thread Group 1-2,GET - Filmes,3873,Success,540,158,3873,0
153,17:42:20.561,Thread Group 1-10,GET - Filmes,5169,Success,540,158,5169,0
154,17:42:21.209,Thread Group 1-1,GET - Filmes,4521,Success,540,158,4521,0
155,17:42:24.442,Thread Group 1-7,POST - Comprar,1931,Success,313,200,1931,0
156,17:42:23.155,Thread Group 1-9,GET - Filmes,3218,Success,540,158,3218,0
157,17:42:23.797,Thread Group 1-5,GET - Filmes,2576,Success,540,158,2576,0
158,17:42:22.509,Thread Group 1-4,GET - Filmes,3865,Success,540,158,3865,0
159,17:42:25.730,Thread Group 1-2,POST - Comprar,1286,Success,313,200,1286,0
160,17:42:25.730,Thread Group 1-10,POST - Comprar,1932,Success,313,200,1932,0
161,17:42:25.730,Thread Group 1-1,POST - Comprar,2576,Success,313,200,2576,0
162,17:42:26.373,Thread Group 1-9,POST - Comprar,2574,Success,313,200,2574,0
163,17:42:25.086,Thread Group 1-3,GET - Filmes,3862,Success,540,158,3862,0
164,17:42:24.442,Thread Group 1-6,GET - Filmes,4506,Success,540,158,4506,0
165,17:42:26.374,Thread Group 1-5,POST - Comprar,3217,Success,313,200,3217,0
166,17:42:26.374,Thread Group 1-4,POST - Comprar,3856,Success,312,200,3856,0
167,17:42:26.373,Thread Group 1-7,GET - Filmes,3857,Success,540,158,3857,0
168,17:42:25.730,Thread Group 1-8,GET - Filmes,4500,Success,540,158,4500,0
169,17:42:28.948,Thread Group 1-3,POST - Comprar,1923,Success,313,200,1923,0
170,17:42:28.949,Thread Group 1-6,POST - Comprar,2564,Success,313,200,2564,0
171,17:42:27.017,Thread Group 1-2,GET - Filmes,4496,Success,540,158,4496,0
172,17:42:27.662,Thread Group 1-10,GET - Filmes,3851,Success,540,158,3851,0
173,17:42:28.306,Thread Group 1-1,GET - Filmes,3208,Success,540,158,3208,0
174,17:42:30.231,Thread Group 1-7,POST - Comprar,1928,Success,312,200,1928,0
175,17:42:30.231,Thread Group 1-8,POST - Comprar,2569,Success,313,200,2569,0
176,17:42:29.591,Thread Group 1-5,GET - Filmes,3210,Success,540,158,3210,0
177,17:42:28.948,Thread Group 1-9,GET - Filmes,3853,Success,540,158,3853,0
178,17:42:31.514,Thread Group 1-2,POST - Comprar,1927,Success,313,200,1927,0
179,17:42:31.514,Thread Group 1-10,POST - Comprar,2566,Success,313,200,2566,0
180,17:42:31.514,Thread Group 1-1,POST - Comprar,3205,Success,312,200,3205,0
181,17:42:30.231,Thread Group 1-4,GET - Filmes,4488,Success,540,158,4488,0
182,17:42:30.872,Thread Group 1-3,GET - Filmes,3847,Success,540,158,3847,0
183,17:42:32.801,Thread Group 1-5,POST - Comprar,2560,Success,312,200,2560,0
184,17:42:32.801,Thread Group 1-9,POST - Comprar,3202,Success,313,200,3202,0
185,17:42:32.160,Thread Group 1-7,GET - Filmes,3843,Success,540,158,3843,0
186,17:42:31.514,Thread Group 1-6,GET - Filmes,4490,Success,540,158,4490,0
187,17:42:34.719,Thread Group 1-4,POST - Comprar,1926,Success,313,200,1926,0
188,17:42:34.719,Thread Group 1-3,POST - Comprar,2573,Success,313,200,2573,0
189,17:42:33.442,Thread Group 1-2,GET - Filmes,3850,Success,540,158,3850,0
190,17:42:34.080,Thread Group 1-10,GET - Filmes,3212,Success,540,158,3212,0
191,17:42:32.801,Thread Group 1-8,GET - Filmes,4492,Success,540,158,4492,0
192,17:42:36.004,Thread Group 1-6,POST - Comprar,1955,Success,313,200,1955,0
193,17:42:36.004,Thread Group 1-7,POST - Comprar,2591,Success,313,200,2591,0
194,17:42:35.361,Thread Group 1-5,GET - Filmes,3234,Success,540,158,3234,0
195,17:42:34.719,Thread Group 1-1,GET - Filmes,3876,Success,540,158,3876,0
196,17:42:37.293,Thread Group 1-10,POST - Comprar,1948,Success,313,200,1948,0
197,17:42:37.293,Thread Group 1-8,POST - Comprar,2590,Success,312,200,2590,0
198,17:42:36.004,Thread Group 1-9,GET - Filmes,3880,Success,540,158,3880,0
199,17:42:36.646,Thread Group 1-4,GET - Filmes,3238,Success,540,158,3238,0
200,17:42:38.596,Thread Group 1-5,POST - Comprar,1930,Success,312,200,1930,0
201,17:42:37.293,Thread Group 1-2,POST - Comprar,3870,Success,312,200,3870,1
202,17:42:37.960,Thread Group 1-6,GET - Filmes,3204,Success,540,158,3203,0
203,17:42:37.293,Thread Group 1-3,GET - Filmes,3871,Success,540,158,3871,0
204,17:42:39.884,Thread Group 1-9,POST - Comprar,1915,Success,313,200,1915,0
205,17:42:38.596,Thread Group 1-1,POST - Comprar,3839,Success,313,200,3839,0
206,17:42:39.241,Thread Group 1-10,GET - Filmes,3195,Success,540,158,3195,0
207,17:42:38.596,Thread Group 1-7,GET - Filmes,3840,Success,540,158,3840,0
208,17:42:39.884,Thread Group 1-4,POST - Comprar,3192,Success,313,200,3192,1
209,17:42:39.884,Thread Group 1-8,GET - Filmes,3192,Success,540,158,3192,0
210,17:42:42.437,Thread Group 1-10,POST - Comprar,1276,Success,313,200,1276,0
211,17:42:41.801,Thread Group 1-9,GET - Filmes,1913,Success,540,158,1913,0
212,17:42:41.165,Thread Group 1-2,GET - Filmes,2549,Success,540,158,2549,0
213,17:42:41.165,Thread Group 1-6,POST - Comprar,3186,Success,312,200,3186,0
214,17:42:42.437,Thread Group 1-1,GET - Filmes,1914,Success,540,158,1914,0
215,17:42:40.527,Thread Group 1-5,GET - Filmes,3825,Success,540,158,3825,1
216,17:42:43.714,Thread Group 1-2,POST - Comprar,1344,Success,313,200,1344,0
217,17:42:41.165,Thread Group 1-3,POST - Comprar,4543,Success,312,200,4543,0
218,17:42:43.714,Thread Group 1-10,GET - Filmes,1995,Success,540,158,1995,0
219,17:42:43.077,Thread Group 1-4,GET - Filmes,2632,Success,540,158,2632,0
220,17:42:44.352,Thread Group 1-5,POST - Comprar,1996,Success,312,200,1996,0
221,17:42:44.352,Thread Group 1-1,POST - Comprar,2634,Success,313,200,2634,0
222,17:42:42.437,Thread Group 1-7,POST - Comprar,5189,Success,312,200,5189,1
223,17:42:45.708,Thread Group 1-4,POST - Comprar,2556,Success,312,200,2556,0
224,17:42:43.077,Thread Group 1-8,POST - Comprar,5827,Success,313,200,5827,1
225,17:42:45.059,Thread Group 1-2,GET - Filmes,3846,Success,540,158,3845,0
226,17:42:44.352,Thread Group 1-6,GET - Filmes,4553,Success,540,158,4553,0
227,17:42:43.714,Thread Group 1-9,POST - Comprar,5829,Success,313,200,5829,1
228,17:42:46.347,Thread Group 1-5,GET - Filmes,3195,Success,540,158,3195,0
229,17:42:46.986,Thread Group 1-1,GET - Filmes,2557,Success,540,158,2557,0
230,17:42:45.708,Thread Group 1-3,GET - Filmes,3835,Success,540,158,3835,0
231,17:42:48.904,Thread Group 1-2,POST - Comprar,1286,Success,312,200,1286,0
232,17:42:48.904,Thread Group 1-6,POST - Comprar,1927,Success,313,200,1927,0
233,17:42:45.708,Thread Group 1-10,POST - Comprar,5769,Success,312,200,5769,0
234,17:42:48.264,Thread Group 1-4,GET - Filmes,3213,Success,540,158,3213,0
235,17:42:47.626,Thread Group 1-7,GET - Filmes,3851,Success,540,158,3851,0
236,17:42:49.543,Thread Group 1-1,POST - Comprar,2572,Success,313,200,2572,0
237,17:42:49.543,Thread Group 1-5,POST - Comprar,3210,Success,313,200,3210,0
238,17:42:49.543,Thread Group 1-3,POST - Comprar,3854,Success,312,200,3854,0
239,17:42:48.904,Thread Group 1-8,GET - Filmes,4493,Success,540,158,4493,0
240,17:42:51.477,Thread Group 1-4,POST - Comprar,2559,Success,313,200,2559,0
241,17:42:51.478,Thread Group 1-7,POST - Comprar,3195,Success,313,200,3195,0
242,17:42:50.831,Thread Group 1-6,GET - Filmes,3842,Success,540,158,3842,0
243,17:42:49.543,Thread Group 1-9,GET - Filmes,5130,Success,540,158,5130,0
244,17:42:50.190,Thread Group 1-2,GET - Filmes,4484,Success,540,158,4484,0
245,17:42:52.116,Thread Group 1-1,GET - Filmes,3196,Success,540,158,3196,0
246,17:42:53.398,Thread Group 1-8,POST - Comprar,1914,Success,312,200,1914,0
247,17:42:52.754,Thread Group 1-5,GET - Filmes,2558,Success,540,158,2558,0
248,17:42:51.477,Thread Group 1-10,GET - Filmes,3836,Success,540,158,3836,0
249,17:42:54.674,Thread Group 1-6,POST - Comprar,1277,Success,312,200,1277,0
250,17:42:54.674,Thread Group 1-9,POST - Comprar,1913,Success,313,200,1913,0
251,17:42:54.674,Thread Group 1-2,POST - Comprar,2561,Success,313,200,2560,0
252,17:42:54.037,Thread Group 1-4,GET - Filmes,3198,Success,540,158,3198,0
253,17:42:53.398,Thread Group 1-3,GET - Filmes,3837,Success,540,158,3837,0
254,17:42:55.313,Thread Group 1-5,POST - Comprar,2562,Success,312,200,2562,0
255,17:42:55.313,Thread Group 1-1,POST - Comprar,3199,Success,312,200,3199,0
256,17:42:55.313,Thread Group 1-10,POST - Comprar,3835,Success,313,200,3834,0
257,17:42:54.674,Thread Group 1-7,GET - Filmes,4474,Success,540,158,4474,0
258,17:42:57.235,Thread Group 1-3,POST - Comprar,2550,Success,313,200,2550,0
259,17:42:57.235,Thread Group 1-4,POST - Comprar,3189,Success,312,200,3189,0
260,17:42:55.951,Thread Group 1-6,GET - Filmes,4474,Success,540,158,4474,0
261,17:42:56.588,Thread Group 1-9,GET - Filmes,3837,Success,540,158,3837,0
262,17:42:55.313,Thread Group 1-8,GET - Filmes,5112,Success,540,158,5112,0
263,17:42:59.148,Thread Group 1-7,POST - Comprar,1914,Success,312,200,1914,0
264,17:42:57.876,Thread Group 1-5,GET - Filmes,3187,Success,540,158,3187,0
265,17:42:57.235,Thread Group 1-2,GET - Filmes,3828,Success,540,158,3828,0
266,17:42:58.513,Thread Group 1-1,GET - Filmes,2550,Success,540,158,2550,0
267,17:43:00.425,Thread Group 1-6,POST - Comprar,1276,Success,313,200,1276,0
268,17:43:00.425,Thread Group 1-9,POST - Comprar,1913,Success,312,200,1913,0
269,17:43:00.425,Thread Group 1-8,POST - Comprar,2554,Success,312,200,2554,0
270,17:42:59.786,Thread Group 1-3,GET - Filmes,3193,Success,540,158,3193,0
271,17:42:59.148,Thread Group 1-10,GET - Filmes,3831,Success,540,158,3831,0
272,17:43:00.425,Thread Group 1-4,GET - Filmes,2554,Success,540,158,2554,0
273,17:43:01.063,Thread Group 1-5,POST - Comprar,2558,Success,313,200,2558,0
274,17:43:01.063,Thread Group 1-1,POST - Comprar,3197,Success,313,200,3197,0
275,17:43:01.063,Thread Group 1-2,POST - Comprar,3819,Success,313,200,3819,0
276,17:43:02.980,Thread Group 1-10,POST - Comprar,2556,Success,312,200,2556,0
277,17:43:02.979,Thread Group 1-3,POST - Comprar,3209,Success,312,200,3209,0
278,17:43:02.980,Thread Group 1-4,POST - Comprar,3862,Success,313,200,3862,0
279,17:43:01.702,Thread Group 1-6,GET - Filmes,5140,Success,540,158,5140,0
280,17:43:02.338,Thread Group 1-9,GET - Filmes,4505,Success,540,158,4505,0
281,17:43:01.063,Thread Group 1-7,GET - Filmes,5780,Success,540,158,5780,0
282,17:43:06.843,Thread Group 1-6,POST - Comprar,655,Success,313,200,655,0
283,17:43:06.843,Thread Group 1-9,POST - Comprar,1311,Success,312,200,1311,0
284,17:43:06.843,Thread Group 1-7,POST - Comprar,1963,Success,313,200,1963,0
285,17:43:02.979,Thread Group 1-8,GET - Filmes,5827,Success,540,158,5827,0
286,17:43:03.621,Thread Group 1-5,GET - Filmes,5185,Success,540,158,5185,0
287,17:43:04.260,Thread Group 1-1,GET - Filmes,4546,Success,540,158,4546,0
288,17:43:05.536,Thread Group 1-10,GET - Filmes,3270,Success,540,158,3270,0
289,17:43:06.189,Thread Group 1-3,GET - Filmes,2617,Success,540,158,2617,0
290,17:43:08.806,Thread Group 1-8,POST - Comprar,657,Success,313,200,657,0
291,17:43:04.882,Thread Group 1-2,GET - Filmes,4581,Success,540,158,4581,0
292,17:43:06.843,Thread Group 1-4,GET - Filmes,2621,Success,540,158,2621,0
293,17:43:08.806,Thread Group 1-10,POST - Comprar,1312,Success,312,200,1312,0
294,17:43:08.806,Thread Group 1-5,POST - Comprar,1968,Success,312,200,1968,0
295,17:43:08.806,Thread Group 1-1,POST - Comprar,2611,Success,312,200,2610,0
296,17:43:07.498,Thread Group 1-6,GET - Filmes,4559,Success,540,158,4559,0
297,17:43:08.807,Thread Group 1-3,POST - Comprar,3250,Success,312,200,3250,0
298,17:43:08.806,Thread Group 1-7,GET - Filmes,3251,Success,540,158,3251,0
299,17:43:08.154,Thread Group 1-9,GET - Filmes,3904,Success,540,158,3904,0
300,17:43:09.464,Thread Group 1-2,POST - Comprar,3234,Success,313,200,3234,0
301,17:43:09.464,Thread Group 1-4,POST - Comprar,3872,Success,312,200,3872,0
302,17:43:12.057,Thread Group 1-6,POST - Comprar,1921,Success,313,200,1920,0
303,17:43:12.058,Thread Group 1-7,POST - Comprar,2560,Success,312,200,2560,0
304,17:43:10.119,Thread Group 1-10,GET - Filmes,5138,Success,540,158,5138,0
305,17:43:12.058,Thread Group 1-9,POST - Comprar,3199,Success,313,200,3199,0
306,17:43:10.775,Thread Group 1-5,GET - Filmes,4482,Success,540,158,4482,0
307,17:43:11.417,Thread Group 1-1,GET - Filmes,3840,Success,540,158,3840,0
308,17:43:09.464,Thread Group 1-8,GET - Filmes,5793,Success,540,158,5793,0
309,17:43:15.258,Thread Group 1-10,POST - Comprar,646,Success,313,200,646,0
310,17:43:12.699,Thread Group 1-2,GET - Filmes,3205,Success,540,158,3205,0
311,17:43:12.057,Thread Group 1-3,GET - Filmes,3847,Success,540,158,3847,0
312,17:43:15.258,Thread Group 1-5,POST - Comprar,1286,Success,312,200,1286,0
313,17:43:15.259,Thread Group 1-1,POST - Comprar,1922,Success,313,200,1922,0
314,17:43:15.259,Thread Group 1-8,POST - Comprar,2563,Success,312,200,2563,0
315,17:43:13.978,Thread Group 1-6,GET - Filmes,3843,Success,540,158,3843,0
316,17:43:14.618,Thread Group 1-7,GET - Filmes,3203,Success,540,158,3203,0
317,17:43:15.258,Thread Group 1-9,GET - Filmes,2564,Success,540,158,2564,0
318,17:43:13.336,Thread Group 1-4,GET - Filmes,4485,Success,540,158,4485,0
319,17:43:15.905,Thread Group 1-3,POST - Comprar,2558,Success,313,200,2558,0
320,17:43:15.905,Thread Group 1-2,POST - Comprar,3198,Success,312,200,3198,0
321,17:43:17.822,Thread Group 1-6,POST - Comprar,1922,Success,313,200,1922,0
322,17:43:17.822,Thread Group 1-7,POST - Comprar,2561,Success,312,200,2561,0
323,17:43:17.822,Thread Group 1-9,POST - Comprar,3203,Success,313,200,3203,0
324,17:43:17.822,Thread Group 1-4,POST - Comprar,3843,Success,312,200,3843,0
325,17:43:16.544,Thread Group 1-5,GET - Filmes,5121,Success,540,158,5121,0
326,17:43:17.182,Thread Group 1-1,GET - Filmes,4484,Success,540,158,4484,0
327,17:43:15.904,Thread Group 1-10,GET - Filmes,5762,Success,540,158,5762,0
328,17:43:21.666,Thread Group 1-5,POST - Comprar,640,Success,313,200,640,0
329,17:43:21.666,Thread Group 1-10,POST - Comprar,1277,Success,313,200,1277,0
330,17:43:21.666,Thread Group 1-1,POST - Comprar,1921,Success,313,200,1921,0
331,17:43:17.822,Thread Group 1-8,GET - Filmes,5766,Success,540,158,5766,0
332,17:43:18.463,Thread Group 1-3,GET - Filmes,5125,Success,540,158,5125,0
333,17:43:19.744,Thread Group 1-6,GET - Filmes,3844,Success,540,158,3844,0
334,17:43:20.384,Thread Group 1-7,GET - Filmes,3204,Success,540,158,3204,0
335,17:43:21.025,Thread Group 1-9,GET - Filmes,2563,Success,540,158,2563,0
336,17:43:19.103,Thread Group 1-2,GET - Filmes,4485,Success,540,158,4485,0
337,17:43:23.588,Thread Group 1-7,POST - Comprar,641,Success,312,200,641,0
338,17:43:23.588,Thread Group 1-8,POST - Comprar,1296,Success,313,200,1296,0
339,17:43:23.588,Thread Group 1-9,POST - Comprar,1936,Success,312,200,1936,0
340,17:43:23.588,Thread Group 1-6,POST - Comprar,2576,Success,312,200,2575,0
341,17:43:23.588,Thread Group 1-3,POST - Comprar,3214,Success,313,200,3214,0
342,17:43:23.588,Thread Group 1-2,POST - Comprar,3853,Success,313,200,3853,0
343,17:43:21.666,Thread Group 1-4,GET - Filmes,5775,Success,540,158,5775,0
344,17:43:22.306,Thread Group 1-5,GET - Filmes,5136,Success,540,158,5136,0
345,17:43:22.943,Thread Group 1-10,GET - Filmes,4499,Success,540,158,4499,0
346,17:43:27.440,Thread Group 1-4,POST - Comprar,644,Success,313,200,644,0
347,17:43:23.588,Thread Group 1-1,GET - Filmes,4497,Success,540,158,4497,0
348,17:43:27.441,Thread Group 1-10,POST - Comprar,1281,Success,313,200,1281,0
349,17:43:27.441,Thread Group 1-5,POST - Comprar,1919,Success,313,200,1919,0
350,17:43:24.229,Thread Group 1-7,GET - Filmes,5132,Success,540,158,5132,0
351,17:43:25.523,Thread Group 1-9,GET - Filmes,3837,Success,540,158,3837,0
352,17:43:24.884,Thread Group 1-8,GET - Filmes,4477,Success,540,158,4477,0
353,17:43:26.163,Thread Group 1-6,GET - Filmes,3197,Success,540,158,3197,0
354,17:43:26.802,Thread Group 1-3,GET - Filmes,2558,Success,540,158,2558,0
355,17:43:27.440,Thread Group 1-2,GET - Filmes,1921,Success,540,158,1921,0
356,17:43:28.084,Thread Group 1-1,POST - Comprar,1918,Success,312,200,1918,0
357,17:43:29.360,Thread Group 1-7,POST - Comprar,1282,Success,312,200,1282,0
358,17:43:29.360,Thread Group 1-9,POST - Comprar,1920,Success,313,200,1920,0
359,17:43:29.360,Thread Group 1-8,POST - Comprar,2560,Success,312,200,2560,0
360,17:43:29.360,Thread Group 1-6,POST - Comprar,3199,Success,313,200,3199,0
361,17:43:29.361,Thread Group 1-3,POST - Comprar,3837,Success,313,200,3837,0
362,17:43:29.361,Thread Group 1-2,POST - Comprar,4476,Success,313,200,4476,0
363,17:43:29.360,Thread Group 1-5,GET - Filmes,4478,Success,540,158,4478,0
364,17:43:28.722,Thread Group 1-10,GET - Filmes,5116,Success,540,158,5116,0
365,17:43:28.084,Thread Group 1-4,GET - Filmes,5754,Success,540,158,5754,0
366,17:43:33.838,Thread Group 1-4,POST - Comprar,640,Success,312,200,640,0
367,17:43:33.838,Thread Group 1-5,POST - Comprar,1280,Success,313,200,1280,0
368,17:43:33.838,Thread Group 1-10,POST - Comprar,1920,Success,313,200,1920,0
369,17:43:30.002,Thread Group 1-1,GET - Filmes,5756,Success,540,158,5756,0
370,17:43:30.642,Thread Group 1-7,GET - Filmes,5116,Success,540,158,5116,0
371,17:43:31.280,Thread Group 1-9,GET - Filmes,4478,Success,540,158,4478,0
372,17:43:31.921,Thread Group 1-8,GET - Filmes,3838,Success,540,158,3838,0
373,17:43:33.199,Thread Group 1-3,GET - Filmes,2560,Success,540,158,2560,0
374,17:43:32.560,Thread Group 1-6,GET - Filmes,3199,Success,540,158,3199,0
375,17:43:35.758,Thread Group 1-1,POST - Comprar,643,Success,313,200,643,0
376,17:43:35.759,Thread Group 1-7,POST - Comprar,1333,Success,312,200,1333,0
377,17:43:35.759,Thread Group 1-9,POST - Comprar,1974,Success,312,200,1974,0
378,17:43:35.759,Thread Group 1-8,POST - Comprar,2605,Success,312,200,2605,0
379,17:43:33.838,Thread Group 1-2,GET - Filmes,4526,Success,540,158,4526,0
380,17:43:35.759,Thread Group 1-3,POST - Comprar,3237,Success,313,200,3237,0
381,17:43:35.759,Thread Group 1-6,POST - Comprar,3867,Success,313,200,3867,0
382,17:43:35.118,Thread Group 1-5,GET - Filmes,4508,Success,540,158,4508,0
383,17:43:35.758,Thread Group 1-10,GET - Filmes,3868,Success,540,158,3868,0
384,17:43:34.478,Thread Group 1-4,GET - Filmes,5149,Success,540,158,5149,0
385,17:43:39.627,Thread Group 1-10,POST - Comprar,633,Success,313,200,633,0
386,17:43:39.627,Thread Group 1-5,POST - Comprar,1265,Success,312,200,1265,0
387,17:43:39.627,Thread Group 1-4,POST - Comprar,1899,Success,312,200,1899,0
388,17:43:38.365,Thread Group 1-2,POST - Comprar,3797,Success,312,200,3797,1
389,17:43:36.401,Thread Group 1-1,GET - Filmes,5762,Success,540,158,5762,0
390,17:43:37.092,Thread Group 1-7,GET - Filmes,5071,Success,540,158,5071,0
391,17:43:37.733,Thread Group 1-9,GET - Filmes,4430,Success,540,158,4430,0
392,17:43:38.996,Thread Group 1-3,GET - Filmes,3167,Success,540,158,3167,0
393,17:43:38.365,Thread Group 1-8,GET - Filmes,3798,Success,540,158,3798,0
394,17:43:42.163,Thread Group 1-7,POST - Comprar,636,Success,313,200,636,0
395,17:43:42.163,Thread Group 1-9,POST - Comprar,1268,Success,313,200,1268,0
396,17:43:42.163,Thread Group 1-8,POST - Comprar,1899,Success,312,200,1899,0
397,17:43:39.627,Thread Group 1-6,GET - Filmes,4436,Success,540,158,4436,0
398,17:43:40.261,Thread Group 1-10,GET - Filmes,3802,Success,540,158,3802,0
399,17:43:42.163,Thread Group 1-2,GET - Filmes,1900,Success,540,158,1900,0
400,17:43:44.063,Thread Group 1-2,POST - Comprar,633,Success,313,200,633,0
401,17:43:44.063,Thread Group 1-10,POST - Comprar,1266,Success,312,200,1266,0
402,17:43:42.163,Thread Group 1-1,POST - Comprar,3800,Success,312,200,3800,1
403,17:43:43.432,Thread Group 1-9,GET - Filmes,2531,Success,540,158,2531,0
404,17:43:40.892,Thread Group 1-5,GET - Filmes,5072,Success,540,158,5071,1
405,17:43:41.526,Thread Group 1-4,GET - Filmes,4438,Success,540,158,4438,1
406,17:43:42.163,Thread Group 1-3,POST - Comprar,4434,Success,313,200,4434,1
407,17:43:45.964,Thread Group 1-4,POST - Comprar,1271,Success,313,200,1271,0
408,17:43:45.964,Thread Group 1-5,POST - Comprar,1904,Success,312,200,1904,0
409,17:43:44.697,Thread Group 1-2,GET - Filmes,3171,Success,540,158,3171,0
410,17:43:45.330,Thread Group 1-10,GET - Filmes,2539,Success,540,158,2539,0
411,17:43:45.963,Thread Group 1-1,GET - Filmes,1906,Success,540,158,1906,0
412,17:43:47.869,Thread Group 1-2,POST - Comprar,637,Success,313,200,637,0
413,17:43:42.799,Thread Group 1-7,GET - Filmes,5708,Success,540,158,5708,0
414,17:43:47.869,Thread Group 1-1,POST - Comprar,1272,Success,313,200,1272,0
415,17:43:44.063,Thread Group 1-6,POST - Comprar,5727,Success,312,200,5727,1
416,17:43:47.868,Thread Group 1-5,GET - Filmes,1922,Success,540,158,1922,0
417,17:43:46.597,Thread Group 1-3,GET - Filmes,3193,Success,540,158,3193,0
418,17:43:47.235,Thread Group 1-4,GET - Filmes,2555,Success,540,158,2555,0
419,17:43:44.063,Thread Group 1-8,GET - Filmes,5727,Success,540,158,5727,0
420,17:43:48.507,Thread Group 1-7,POST - Comprar,1916,Success,312,200,1916,0
421,17:43:45.964,Thread Group 1-9,POST - Comprar,5097,Success,312,200,5097,0
422,17:43:49.790,Thread Group 1-5,POST - Comprar,1910,Success,313,200,1910,0
423,17:43:49.790,Thread Group 1-3,POST - Comprar,2550,Success,312,200,2550,0
424,17:43:49.790,Thread Group 1-4,POST - Comprar,3186,Success,313,200,3186,0
425,17:43:49.790,Thread Group 1-8,POST - Comprar,3823,Success,312,200,3823,0
426,17:43:47.869,Thread Group 1-10,POST - Comprar,6380,Success,312,200,6380,0
427,17:43:49.141,Thread Group 1-1,GET - Filmes,5108,Success,540,158,5108,0
428,17:43:48.507,Thread Group 1-2,GET - Filmes,5743,Success,540,158,5743,0
429,17:43:54.250,Thread Group 1-1,POST - Comprar,641,Success,313,200,641,0
430,17:43:54.250,Thread Group 1-2,POST - Comprar,1278,Success,313,200,1278,0
431,17:43:50.423,Thread Group 1-7,GET - Filmes,5105,Success,540,158,5105,0
432,17:43:49.790,Thread Group 1-6,GET - Filmes,5739,Success,540,158,5739,0
433,17:43:52.341,Thread Group 1-3,GET - Filmes,3188,Success,540,158,3188,0
434,17:43:51.701,Thread Group 1-5,GET - Filmes,3828,Success,540,158,3828,0
435,17:43:52.976,Thread Group 1-4,GET - Filmes,2553,Success,540,158,2553,0
436,17:43:53.614,Thread Group 1-8,GET - Filmes,1915,Success,540,158,1915,0
437,17:43:51.062,Thread Group 1-9,GET - Filmes,4467,Success,540,158,4467,0
438,17:43:55.530,Thread Group 1-4,POST - Comprar,636,Success,313,200,636,0
439,17:43:55.530,Thread Group 1-6,POST - Comprar,1271,Success,312,200,1271,0
440,17:43:55.530,Thread Group 1-3,POST - Comprar,1908,Success,312,200,1908,0
441,17:43:55.530,Thread Group 1-5,POST - Comprar,2544,Success,312,200,2544,0
442,17:43:55.530,Thread Group 1-7,POST - Comprar,3180,Success,313,200,3180,0
443,17:43:54.250,Thread Group 1-10,GET - Filmes,4459,Success,540,158,4459,0
444,17:43:55.530,Thread Group 1-8,POST - Comprar,3825,Success,313,200,3825,0
445,17:43:54.891,Thread Group 1-1,GET - Filmes,5142,Success,540,158,5142,0
446,17:43:55.530,Thread Group 1-9,POST - Comprar,4504,Success,313,200,4504,0
447,17:43:55.529,Thread Group 1-2,GET - Filmes,4505,Success,540,158,4505,0
448,17:43:58.710,Thread Group 1-10,POST - Comprar,1973,Success,312,200,1973,0
449,17:43:56.166,Thread Group 1-4,GET - Filmes,4518,Success,540,158,4518,0
450,17:43:56.801,Thread Group 1-6,GET - Filmes,3883,Success,540,158,3883,0
451,17:43:57.439,Thread Group 1-3,GET - Filmes,3245,Success,540,158,3245,0
452,17:43:58.074,Thread Group 1-5,GET - Filmes,2610,Success,540,158,2610,0
453,17:44:00.034,Thread Group 1-1,POST - Comprar,1291,Success,312,200,1291,0
454,17:44:00.034,Thread Group 1-2,POST - Comprar,1931,Success,312,200,1931,0
455,17:43:58.710,Thread Group 1-7,GET - Filmes,3256,Success,540,158,3256,0
456,17:43:59.355,Thread Group 1-8,GET - Filmes,2611,Success,540,158,2611,0
457,17:44:00.684,Thread Group 1-5,POST - Comprar,1920,Success,313,200,1920,0
458,17:44:00.684,Thread Group 1-4,POST - Comprar,2557,Success,312,200,2557,0
459,17:44:00.684,Thread Group 1-6,POST - Comprar,3193,Success,312,200,3193,0
460,17:44:00.684,Thread Group 1-3,POST - Comprar,3834,Success,313,200,3834,0
461,17:44:00.684,Thread Group 1-10,GET - Filmes,3834,Success,540,158,3834,0
462,17:44:00.034,Thread Group 1-9,GET - Filmes,4484,Success,540,158,4484,0
463,17:44:01.966,Thread Group 1-7,POST - Comprar,3188,Success,312,200,3188,0
464,17:44:01.966,Thread Group 1-8,POST - Comprar,3826,Success,313,200,3826,0
465,17:44:01.326,Thread Group 1-1,GET - Filmes,4467,Success,540,158,4467,0
466,17:44:04.518,Thread Group 1-9,POST - Comprar,1908,Success,312,200,1908,0
467,17:44:04.518,Thread Group 1-10,POST - Comprar,2542,Success,313,200,2542,0
468,17:44:02.605,Thread Group 1-5,GET - Filmes,4455,Success,540,158,4455,0
469,17:44:01.966,Thread Group 1-2,GET - Filmes,5095,Success,540,158,5095,0
470,17:44:03.241,Thread Group 1-4,GET - Filmes,3820,Success,540,158,3820,0
471,17:44:03.877,Thread Group 1-6,GET - Filmes,3184,Success,540,158,3184,0
472,17:44:05.792,Thread Group 1-1,POST - Comprar,1903,Success,313,200,1903,0
473,17:44:05.154,Thread Group 1-7,GET - Filmes,2542,Success,540,158,2542,0
474,17:44:04.518,Thread Group 1-3,GET - Filmes,3178,Success,540,158,3178,0
475,17:44:07.059,Thread Group 1-5,POST - Comprar,1270,Success,312,200,1270,0
476,17:44:07.060,Thread Group 1-2,POST - Comprar,1902,Success,312,200,1902,0
477,17:44:07.060,Thread Group 1-4,POST - Comprar,2534,Success,313,200,2534,0
478,17:44:07.060,Thread Group 1-6,POST - Comprar,3173,Success,313,200,3173,0
479,17:44:06.425,Thread Group 1-9,GET - Filmes,3808,Success,540,158,3808,0
480,17:44:05.792,Thread Group 1-8,GET - Filmes,4442,Success,540,158,4442,0
481,17:44:07.695,Thread Group 1-7,POST - Comprar,3171,Success,312,200,3171,0
482,17:44:07.695,Thread Group 1-3,POST - Comprar,3804,Success,313,200,3804,0
483,17:44:07.059,Thread Group 1-10,GET - Filmes,4441,Success,540,158,4441,0
484,17:44:10.234,Thread Group 1-8,POST - Comprar,1902,Success,312,200,1902,0
485,17:44:10.234,Thread Group 1-9,POST - Comprar,2534,Success,313,200,2534,0
486,17:44:08.329,Thread Group 1-5,GET - Filmes,4440,Success,540,158,4440,0
487,17:44:08.962,Thread Group 1-2,GET - Filmes,3807,Success,540,158,3807,0
488,17:44:09.594,Thread Group 1-4,GET - Filmes,3175,Success,540,158,3175,0
489,17:44:07.695,Thread Group 1-1,GET - Filmes,5074,Success,540,158,5074,0
490,17:44:11.500,Thread Group 1-10,POST - Comprar,1903,Success,313,200,1903,0
491,17:44:10.866,Thread Group 1-7,GET - Filmes,2537,Success,540,158,2537,0
492,17:44:10.233,Thread Group 1-6,GET - Filmes,3170,Success,540,158,3170,0
493,17:44:12.769,Thread Group 1-5,POST - Comprar,1269,Success,312,200,1269,0
494,17:44:12.769,Thread Group 1-2,POST - Comprar,1903,Success,312,200,1902,0
495,17:44:12.769,Thread Group 1-4,POST - Comprar,2536,Success,313,200,2536,0
496,17:44:12.769,Thread Group 1-1,POST - Comprar,3171,Success,312,200,3171,0
497,17:44:11.499,Thread Group 1-3,GET - Filmes,4442,Success,540,158,4442,0
498,17:44:12.136,Thread Group 1-8,GET - Filmes,3805,Success,540,158,3805,0
499,17:44:13.403,Thread Group 1-7,POST - Comprar,3171,Success,313,200,3171,0
500,17:44:13.404,Thread Group 1-6,POST - Comprar,3804,Success,313,200,3804,0
501,17:44:12.769,Thread Group 1-9,GET - Filmes,4439,Success,540,158,4439,0
502,17:44:15.941,Thread Group 1-8,POST - Comprar,1901,Success,312,200,1901,0
503,17:44:15.941,Thread Group 1-3,POST - Comprar,2535,Success,313,200,2535,0
504,17:44:14.038,Thread Group 1-5,GET - Filmes,4438,Success,540,158,4438,0
505,17:44:14.672,Thread Group 1-2,GET - Filmes,3804,Success,540,158,3804,0
506,17:44:15.305,Thread Group 1-4,GET - Filmes,3171,Success,540,158,3171,0
507,17:44:13.403,Thread Group 1-10,GET - Filmes,5074,Success,540,158,5074,0
508,17:44:17.208,Thread Group 1-9,POST - Comprar,1901,Success,312,200,1901,0
509,17:44:18.476,Thread Group 1-5,POST - Comprar,1271,Success,313,200,1271,0
510,17:44:18.476,Thread Group 1-2,POST - Comprar,1918,Success,312,200,1918,0
511,17:44:16.574,Thread Group 1-7,GET - Filmes,3821,Success,540,158,3821,0
512,17:44:15.941,Thread Group 1-1,GET - Filmes,4454,Success,540,158,4454,0
513,17:44:18.476,Thread Group 1-4,POST - Comprar,2554,Success,312,200,2553,0
514,17:44:18.477,Thread Group 1-10,POST - Comprar,3185,Success,313,200,3185,0
515,17:44:17.842,Thread Group 1-8,GET - Filmes,3821,Success,540,158,3821,0
516,17:44:18.476,Thread Group 1-3,GET - Filmes,3187,Success,540,158,3187,0
517,17:44:17.208,Thread Group 1-6,GET - Filmes,4455,Success,540,158,4455,0
518,17:44:20.395,Thread Group 1-1,POST - Comprar,1902,Success,313,200,1902,0
519,17:44:20.395,Thread Group 1-7,POST - Comprar,2536,Success,313,200,2536,0
520,17:44:19.748,Thread Group 1-5,GET - Filmes,3184,Success,540,158,3184,0
521,17:44:19.109,Thread Group 1-9,GET - Filmes,3823,Success,540,158,3823,0
522,17:44:21.663,Thread Group 1-3,POST - Comprar,1902,Success,313,200,1902,0
523,17:44:21.663,Thread Group 1-8,POST - Comprar,2533,Success,313,200,2533,0
524,17:44:21.663,Thread Group 1-6,POST - Comprar,3167,Success,312,200,3167,0
525,17:44:21.030,Thread Group 1-4,GET - Filmes,3800,Success,540,158,3800,0
526,17:44:21.663,Thread Group 1-10,GET - Filmes,3167,Success,540,158,3167,0
527,17:44:20.395,Thread Group 1-2,GET - Filmes,4435,Success,540,158,4435,0
528,17:44:22.932,Thread Group 1-5,POST - Comprar,2532,Success,313,200,2532,0
529,17:44:22.932,Thread Group 1-9,POST - Comprar,3164,Success,312,200,3164,0
530,17:44:22.297,Thread Group 1-1,GET - Filmes,3799,Success,540,158,3799,0
531,17:44:24.830,Thread Group 1-10,POST - Comprar,1899,Success,312,200,1899,0
532,17:44:24.830,Thread Group 1-4,POST - Comprar,2533,Success,312,200,2533,0
533,17:44:24.830,Thread Group 1-2,POST - Comprar,3165,Success,313,200,3165,0
534,17:44:23.565,Thread Group 1-3,GET - Filmes,4430,Success,540,158,4430,0
535,17:44:22.931,Thread Group 1-7,GET - Filmes,5064,Success,540,158,5064,0
536,17:44:24.196,Thread Group 1-8,GET - Filmes,3799,Success,540,158,3799,0
537,17:44:26.096,Thread Group 1-1,POST - Comprar,2531,Success,313,200,2531,0
538,17:44:24.830,Thread Group 1-6,GET - Filmes,3798,Success,540,158,3798,0
539,17:44:25.464,Thread Group 1-5,GET - Filmes,3164,Success,540,158,3164,0
540,17:44:27.995,Thread Group 1-3,POST - Comprar,1265,Success,313,200,1265,0
541,17:44:27.995,Thread Group 1-7,POST - Comprar,1898,Success,313,200,1898,0
542,17:44:27.995,Thread Group 1-8,POST - Comprar,2534,Success,312,200,2534,0
543,17:44:26.730,Thread Group 1-10,GET - Filmes,3799,Success,540,158,3799,0
544,17:44:26.096,Thread Group 1-9,GET - Filmes,4434,Success,540,158,4434,0
545,17:44:27.363,Thread Group 1-4,GET - Filmes,3167,Success,540,158,3167,0
546,17:44:28.628,Thread Group 1-6,POST - Comprar,2535,Success,313,200,2535,0
547,17:44:28.628,Thread Group 1-5,POST - Comprar,3166,Success,313,200,3166,0
548,17:44:30.530,Thread Group 1-10,POST - Comprar,1901,Success,313,200,1900,0
549,17:44:27.995,Thread Group 1-2,GET - Filmes,4435,Success,540,158,4435,0
550,17:44:30.531,Thread Group 1-9,POST - Comprar,2682,Success,312,200,2682,0
551,17:44:30.531,Thread Group 1-4,POST - Comprar,3347,Success,313,200,3347,0
552,17:44:29.894,Thread Group 1-7,GET - Filmes,3983,Success,540,158,3983,0
553,17:44:29.261,Thread Group 1-3,GET - Filmes,4617,Success,540,158,4617,0
554,17:44:30.530,Thread Group 1-8,GET - Filmes,3349,Success,540,158,3349,0
555,17:44:28.628,Thread Group 1-1,GET - Filmes,5250,Success,540,158,5250,0
556,17:44:32.431,Thread Group 1-2,POST - Comprar,2093,Success,312,200,2093,0
557,17:44:33.879,Thread Group 1-7,POST - Comprar,1308,Success,313,200,1308,0
558,17:44:31.165,Thread Group 1-6,GET - Filmes,4022,Success,540,158,4022,0
559,17:44:31.796,Thread Group 1-5,GET - Filmes,3391,Success,540,158,3391,0
560,17:44:33.879,Thread Group 1-8,POST - Comprar,1984,Success,313,200,1984,0
561,17:44:33.879,Thread Group 1-3,POST - Comprar,2616,Success,313,200,2616,0
562,17:44:33.879,Thread Group 1-1,POST - Comprar,3252,Success,313,200,3252,0
563,17:44:33.213,Thread Group 1-9,GET - Filmes,3918,Success,540,158,3918,0
564,17:44:33.878,Thread Group 1-4,GET - Filmes,3253,Success,540,158,3253,0
565,17:44:32.431,Thread Group 1-10,GET - Filmes,4701,Success,540,158,4701,0
566,17:44:35.187,Thread Group 1-6,POST - Comprar,2580,Success,313,200,2580,0
567,17:44:35.188,Thread Group 1-5,POST - Comprar,3211,Success,312,200,3211,0
568,17:44:37.131,Thread Group 1-9,POST - Comprar,1943,Success,312,200,1943,0
569,17:44:34.524,Thread Group 1-2,GET - Filmes,4551,Success,540,158,4551,0
570,17:44:35.187,Thread Group 1-7,GET - Filmes,3888,Success,540,158,3888,0
571,17:44:37.132,Thread Group 1-4,POST - Comprar,2605,Success,312,200,2605,0
572,17:44:37.132,Thread Group 1-10,POST - Comprar,3244,Success,313,200,3244,0
573,17:44:35.863,Thread Group 1-8,GET - Filmes,4513,Success,540,158,4513,0
574,17:44:36.495,Thread Group 1-3,GET - Filmes,3881,Success,540,158,3881,0
575,17:44:37.131,Thread Group 1-1,GET - Filmes,3245,Success,540,158,3245,0
576,17:44:39.075,Thread Group 1-7,POST - Comprar,1977,Success,312,200,1977,0
577,17:44:37.768,Thread Group 1-6,GET - Filmes,3285,Success,540,158,3285,0
578,17:44:38.399,Thread Group 1-5,GET - Filmes,2654,Success,540,158,2654,0
579,17:44:40.375,Thread Group 1-3,POST - Comprar,1305,Success,312,200,1305,0
580,17:44:40.375,Thread Group 1-8,POST - Comprar,1934,Success,313,200,1934,0
581,17:44:40.376,Thread Group 1-1,POST - Comprar,2565,Success,313,200,2565,0
582,17:44:39.075,Thread Group 1-2,POST - Comprar,4494,Success,312,200,4494,1
583,17:44:39.737,Thread Group 1-4,GET - Filmes,3832,Success,540,158,3832,0
584,17:44:40.375,Thread Group 1-10,GET - Filmes,3194,Success,540,158,3194,0
585,17:44:39.075,Thread Group 1-9,GET - Filmes,4495,Success,540,158,4495,0
586,17:44:41.052,Thread Group 1-6,POST - Comprar,3143,Success,312,200,3143,0
587,17:44:41.051,Thread Group 1-7,GET - Filmes,3144,Success,540,158,3144,0
588,17:44:43.569,Thread Group 1-9,POST - Comprar,1255,Success,312,200,1255,0
589,17:44:43.569,Thread Group 1-10,POST - Comprar,1884,Success,313,200,1884,0
590,17:44:41.052,Thread Group 1-5,POST - Comprar,5143,Success,312,200,5143,0
591,17:44:42.309,Thread Group 1-8,GET - Filmes,3887,Success,540,158,3887,0
592,17:44:41.681,Thread Group 1-3,GET - Filmes,4515,Success,540,158,4515,0
593,17:44:43.568,Thread Group 1-2,GET - Filmes,2628,Success,540,158,2628,0
594,17:44:46.196,Thread Group 1-2,POST - Comprar,657,Success,313,200,657,0
595,17:44:43.568,Thread Group 1-4,POST - Comprar,3925,Success,312,200,3925,1
596,17:44:44.825,Thread Group 1-9,GET - Filmes,2668,Success,540,158,2668,0
597,17:44:45.453,Thread Group 1-10,GET - Filmes,2041,Success,540,158,2041,0
598,17:44:46.195,Thread Group 1-5,GET - Filmes,1299,Success,540,158,1299,0
599,17:44:42.941,Thread Group 1-1,GET - Filmes,4553,Success,540,158,4553,0
600,17:44:47.494,Thread Group 1-10,POST - Comprar,633,Success,313,200,633,0
601,17:44:47.494,Thread Group 1-5,POST - Comprar,1263,Success,312,200,1263,0
602,17:44:47.494,Thread Group 1-1,POST - Comprar,1892,Success,312,200,1892,0
603,17:44:44.196,Thread Group 1-7,POST - Comprar,5821,Success,312,200,5821,0
604,17:44:46.854,Thread Group 1-2,GET - Filmes,3163,Success,540,158,3163,0
605,17:44:47.493,Thread Group 1-4,GET - Filmes,2524,Success,540,158,2524,0
606,17:44:44.195,Thread Group 1-6,GET - Filmes,5822,Success,540,158,5822,1
607,17:44:50.017,Thread Group 1-2,POST - Comprar,636,Success,313,200,636,0
608,17:44:46.196,Thread Group 1-8,POST - Comprar,5092,Success,313,200,5092,0
609,17:44:50.017,Thread Group 1-6,POST - Comprar,1909,Success,313,200,1909,0
610,17:44:50.017,Thread Group 1-4,POST - Comprar,2540,Success,313,200,2540,0
611,17:44:46.196,Thread Group 1-3,POST - Comprar,6991,Success,312,200,6991,0
612,17:44:48.757,Thread Group 1-5,GET - Filmes,4431,Success,540,158,4431,0
613,17:44:49.387,Thread Group 1-1,GET - Filmes,3801,Success,540,158,3801,0
614,17:44:50.017,Thread Group 1-7,GET - Filmes,3171,Success,540,158,3171,0
615,17:44:47.494,Thread Group 1-9,POST - Comprar,6325,Success,313,200,6325,0
616,17:44:50.653,Thread Group 1-2,GET - Filmes,3167,Success,540,158,3167,0
617,17:44:53.188,Thread Group 1-7,POST - Comprar,1267,Success,312,200,1267,0
618,17:44:53.188,Thread Group 1-1,POST - Comprar,1898,Success,313,200,1898,0
619,17:44:53.188,Thread Group 1-5,POST - Comprar,2532,Success,313,200,2532,0
620,17:44:51.926,Thread Group 1-6,GET - Filmes,3794,Success,540,158,3794,0
621,17:44:52.558,Thread Group 1-4,GET - Filmes,3162,Success,540,158,3162,0
622,17:44:51.289,Thread Group 1-8,GET - Filmes,4431,Success,540,158,4431,0
623,17:44:53.820,Thread Group 1-2,POST - Comprar,2538,Success,312,200,2538,0
624,17:44:53.188,Thread Group 1-3,GET - Filmes,3170,Success,540,158,3170,0
625,17:44:48.127,Thread Group 1-10,GET - Filmes,8231,Success,540,158,8231,1
626,17:44:55.720,Thread Group 1-6,POST - Comprar,1288,Success,312,200,1288,0
627,17:44:55.721,Thread Group 1-8,POST - Comprar,1923,Success,313,200,1923,0
628,17:44:55.721,Thread Group 1-4,POST - Comprar,2565,Success,312,200,2565,0
629,17:44:54.456,Thread Group 1-7,GET - Filmes,3830,Success,540,158,3830,0
630,17:44:55.086,Thread Group 1-1,GET - Filmes,3200,Success,540,158,3200,0
631,17:44:55.720,Thread Group 1-5,GET - Filmes,2566,Success,540,158,2566,0
632,17:44:53.820,Thread Group 1-9,GET - Filmes,4467,Success,540,158,4467,0
633,17:44:56.358,Thread Group 1-3,POST - Comprar,2565,Success,312,200,2565,0
634,17:44:56.359,Thread Group 1-10,POST - Comprar,3200,Success,313,200,3200,0
635,17:44:58.286,Thread Group 1-7,POST - Comprar,1908,Success,313,200,1908,0
636,17:44:58.287,Thread Group 1-1,POST - Comprar,2549,Success,312,200,2549,0
637,17:44:58.287,Thread Group 1-5,POST - Comprar,3188,Success,313,200,3188,0
638,17:44:58.287,Thread Group 1-9,POST - Comprar,3820,Success,313,200,3820,0
639,17:44:57.008,Thread Group 1-6,GET - Filmes,5100,Success,540,158,5100,0
640,17:44:57.644,Thread Group 1-8,GET - Filmes,4464,Success,540,158,4464,0
641,17:44:58.286,Thread Group 1-4,GET - Filmes,3822,Success,540,158,3822,0
642,17:44:56.358,Thread Group 1-2,GET - Filmes,5750,Success,540,158,5750,0
643,17:45:02.109,Thread Group 1-4,POST - Comprar,634,Success,313,200,634,0
644,17:45:02.109,Thread Group 1-8,POST - Comprar,1268,Success,312,200,1268,0
645,17:45:02.109,Thread Group 1-6,POST - Comprar,1900,Success,313,200,1900,0
646,17:45:02.109,Thread Group 1-2,POST - Comprar,2535,Success,312,200,2535,0
647,17:44:58.923,Thread Group 1-3,GET - Filmes,5720,Success,540,158,5720,0
648,17:45:00.837,Thread Group 1-1,GET - Filmes,3807,Success,540,158,3807,0
649,17:45:01.476,Thread Group 1-5,GET - Filmes,3169,Success,540,158,3169,0
650,17:44:59.559,Thread Group 1-10,GET - Filmes,5084,Success,540,158,5084,0
651,17:45:02.109,Thread Group 1-9,GET - Filmes,2536,Success,540,158,2536,0
652,17:45:04.644,Thread Group 1-3,POST - Comprar,634,Success,313,200,634,0
653,17:45:04.645,Thread Group 1-1,POST - Comprar,1269,Success,312,200,1269,0
654,17:45:00.196,Thread Group 1-7,GET - Filmes,5718,Success,540,158,5718,0
655,17:45:04.645,Thread Group 1-5,POST - Comprar,1904,Success,312,200,1904,0
656,17:45:04.645,Thread Group 1-10,POST - Comprar,2544,Success,313,200,2544,0
657,17:45:04.645,Thread Group 1-9,POST - Comprar,3179,Success,312,200,3179,0
658,17:45:02.743,Thread Group 1-4,GET - Filmes,5081,Success,540,158,5081,0
659,17:45:03.377,Thread Group 1-8,GET - Filmes,4447,Success,540,158,4447,0
660,17:45:04.009,Thread Group 1-6,GET - Filmes,3815,Success,540,158,3815,0
661,17:45:04.644,Thread Group 1-2,GET - Filmes,3181,Success,540,158,3181,0
662,17:45:05.914,Thread Group 1-7,POST - Comprar,2554,Success,312,200,2554,0
663,17:45:07.824,Thread Group 1-8,POST - Comprar,1278,Success,313,200,1278,0
664,17:45:07.824,Thread Group 1-4,POST - Comprar,1912,Success,313,200,1912,0
665,17:45:05.278,Thread Group 1-3,GET - Filmes,4458,Success,540,158,4458,0
666,17:45:07.825,Thread Group 1-6,POST - Comprar,2546,Success,312,200,2546,0
667,17:45:07.825,Thread Group 1-2,POST - Comprar,3178,Success,313,200,3178,0
668,17:45:06.549,Thread Group 1-5,GET - Filmes,4454,Success,540,158,4454,0
669,17:45:07.824,Thread Group 1-9,GET - Filmes,3180,Success,540,158,3180,0
670,17:45:05.914,Thread Group 1-1,GET - Filmes,5090,Success,540,158,5090,0
671,17:45:07.190,Thread Group 1-10,GET - Filmes,3814,Success,540,158,3814,0
672,17:45:09.736,Thread Group 1-3,POST - Comprar,1897,Success,313,200,1897,0
673,17:45:08.469,Thread Group 1-7,GET - Filmes,3164,Success,540,158,3164,0
674,17:45:09.103,Thread Group 1-8,GET - Filmes,2530,Success,540,158,2530,0
675,17:45:11.002,Thread Group 1-5,POST - Comprar,1259,Success,312,200,1259,0
676,17:45:11.003,Thread Group 1-9,POST - Comprar,1889,Success,313,200,1889,0
677,17:45:11.003,Thread Group 1-1,POST - Comprar,2527,Success,313,200,2527,0
678,17:45:11.003,Thread Group 1-10,POST - Comprar,3167,Success,313,200,3167,0
679,17:45:10.370,Thread Group 1-6,GET - Filmes,3800,Success,540,158,3800,0
680,17:45:11.002,Thread Group 1-2,GET - Filmes,3168,Success,540,158,3168,0
681,17:45:09.736,Thread Group 1-4,GET - Filmes,4435,Success,540,158,4435,0
682,17:45:11.632,Thread Group 1-7,POST - Comprar,3172,Success,313,200,3172,0
683,17:45:11.632,Thread Group 1-8,POST - Comprar,3803,Success,313,200,3803,0
684,17:45:14.170,Thread Group 1-4,POST - Comprar,1895,Success,313,200,1895,0
685,17:45:14.170,Thread Group 1-6,POST - Comprar,2524,Success,312,200,2524,0
686,17:45:14.170,Thread Group 1-2,POST - Comprar,3155,Success,313,200,3155,0
687,17:45:12.262,Thread Group 1-5,GET - Filmes,5063,Success,540,158,5063,0
688,17:45:12.892,Thread Group 1-9,GET - Filmes,4433,Success,540,158,4433,0
689,17:45:13.530,Thread Group 1-1,GET - Filmes,3796,Success,540,158,3796,0
690,17:45:11.632,Thread Group 1-3,GET - Filmes,5694,Success,540,158,5694,0
691,17:45:17.325,Thread Group 1-5,POST - Comprar,637,Success,312,200,637,0
692,17:45:17.325,Thread Group 1-9,POST - Comprar,1271,Success,313,200,1271,0
693,17:45:14.804,Thread Group 1-7,GET - Filmes,3792,Success,540,158,3792,0
694,17:45:14.170,Thread Group 1-10,GET - Filmes,4426,Success,540,158,4426,0
695,17:45:17.326,Thread Group 1-1,POST - Comprar,1902,Success,312,200,1902,0
696,17:45:17.326,Thread Group 1-3,POST - Comprar,2532,Success,313,200,2532,0
697,17:45:16.065,Thread Group 1-4,GET - Filmes,3793,Success,540,158,3793,0
698,17:45:16.694,Thread Group 1-6,GET - Filmes,3164,Success,540,158,3164,0
699,17:45:17.325,Thread Group 1-2,GET - Filmes,2533,Success,540,158,2533,0
700,17:45:15.435,Thread Group 1-8,GET - Filmes,4423,Success,540,158,4423,0
701,17:45:18.596,Thread Group 1-7,POST - Comprar,1895,Success,312,200,1895,0
702,17:45:18.597,Thread Group 1-10,POST - Comprar,2524,Success,313,200,2524,0
703,17:45:17.962,Thread Group 1-5,GET - Filmes,3160,Success,540,158,3160,0
704,17:45:18.596,Thread Group 1-9,GET - Filmes,2526,Success,540,158,2526,0
705,17:45:19.858,Thread Group 1-6,POST - Comprar,1896,Success,312,200,1896,0
706,17:45:19.858,Thread Group 1-4,POST - Comprar,2528,Success,313,200,2528,0
707,17:45:19.858,Thread Group 1-2,POST - Comprar,3163,Success,312,200,3163,0
708,17:45:19.858,Thread Group 1-8,POST - Comprar,3800,Success,312,200,3800,0
709,17:45:19.228,Thread Group 1-1,GET - Filmes,4431,Success,540,158,4431,0
710,17:45:21.122,Thread Group 1-5,POST - Comprar,3168,Success,312,200,3168,0
711,17:45:21.122,Thread Group 1-9,POST - Comprar,3804,Success,312,200,3804,0
712,17:45:20.491,Thread Group 1-7,GET - Filmes,4435,Success,540,158,4435,0
713,17:45:19.858,Thread Group 1-3,GET - Filmes,5068,Success,540,158,5068,0
714,17:45:23.659,Thread Group 1-1,POST - Comprar,1901,Success,313,200,1901,0
715,17:45:22.386,Thread Group 1-4,GET - Filmes,3175,Success,540,158,3175,0
716,17:45:23.022,Thread Group 1-2,GET - Filmes,2539,Success,540,158,2539,0
717,17:45:21.754,Thread Group 1-6,GET - Filmes,3807,Success,540,158,3807,0
718,17:45:21.121,Thread Group 1-10,GET - Filmes,4440,Success,540,158,4440,0
719,17:45:24.926,Thread Group 1-3,POST - Comprar,1270,Success,313,200,1269,0
720,17:45:24.926,Thread Group 1-7,POST - Comprar,1901,Success,312,200,1901,0
721,17:45:24.291,Thread Group 1-5,GET - Filmes,2537,Success,540,158,2537,0
722,17:45:23.659,Thread Group 1-8,GET - Filmes,3169,Success,540,158,3169,0
723,17:45:25.561,Thread Group 1-2,POST - Comprar,1900,Success,312,200,1900,0
724,17:45:25.561,Thread Group 1-10,POST - Comprar,2535,Success,312,200,2535,0
725,17:45:25.561,Thread Group 1-4,POST - Comprar,3169,Success,312,200,3169,0
726,17:45:25.561,Thread Group 1-6,POST - Comprar,3801,Success,312,200,3801,0
727,17:45:24.926,Thread Group 1-9,GET - Filmes,4437,Success,540,158,4437,0
728,17:45:25.560,Thread Group 1-1,GET - Filmes,3803,Success,540,158,3803,0
729,17:45:26.828,Thread Group 1-8,POST - Comprar,3170,Success,312,200,3170,0
730,17:45:26.828,Thread Group 1-5,POST - Comprar,3804,Success,312,200,3804,0
731,17:45:26.196,Thread Group 1-3,GET - Filmes,4436,Success,540,158,4436,0
732,17:45:29.363,Thread Group 1-1,POST - Comprar,1905,Success,313,200,1905,0
733,17:45:29.363,Thread Group 1-9,POST - Comprar,2538,Success,313,200,2538,0
734,17:45:27.461,Thread Group 1-2,GET - Filmes,4440,Success,540,158,4440,0
735,17:45:28.096,Thread Group 1-10,GET - Filmes,3805,Success,540,158,3805,0
736,17:45:28.731,Thread Group 1-4,GET - Filmes,3170,Success,540,158,3170,0
737,17:45:26.828,Thread Group 1-7,GET - Filmes,5073,Success,540,158,5073,0
738,17:45:30.632,Thread Group 1-3,POST - Comprar,1904,Success,313,200,1904,0
739,17:45:31.901,Thread Group 1-10,POST - Comprar,1268,Success,312,200,1268,0
740,17:45:31.901,Thread Group 1-2,POST - Comprar,1901,Success,312,200,1901,0
741,17:45:29.998,Thread Group 1-8,GET - Filmes,3804,Success,540,158,3804,0
742,17:45:29.363,Thread Group 1-6,GET - Filmes,4439,Success,540,158,4439,0
743,17:45:31.901,Thread Group 1-4,POST - Comprar,2536,Success,313,200,2536,0
744,17:45:31.901,Thread Group 1-7,POST - Comprar,3167,Success,313,200,3167,0
745,17:45:31.268,Thread Group 1-1,GET - Filmes,3800,Success,540,158,3800,0
746,17:45:31.901,Thread Group 1-9,GET - Filmes,3167,Success,540,158,3167,0
747,17:45:30.632,Thread Group 1-5,GET - Filmes,4436,Success,540,158,4436,0
748,17:45:33.803,Thread Group 1-6,POST - Comprar,1901,Success,313,200,1901,0
749,17:45:33.803,Thread Group 1-8,POST - Comprar,2534,Success,313,200,2534,0
750,17:45:35.068,Thread Group 1-1,POST - Comprar,1900,Success,313,200,1900,0
751,17:45:32.536,Thread Group 1-3,GET - Filmes,4432,Success,540,158,4432,0
752,17:45:33.169,Thread Group 1-10,GET - Filmes,3799,Success,540,158,3799,0
753,17:45:35.068,Thread Group 1-9,POST - Comprar,2535,Success,313,200,2535,0
754,17:45:35.069,Thread Group 1-5,POST - Comprar,3168,Success,312,200,3168,0
755,17:45:35.068,Thread Group 1-7,GET - Filmes,3170,Success,540,158,3170,0
756,17:45:34.437,Thread Group 1-4,GET - Filmes,3801,Success,540,158,3801,0
757,17:45:33.802,Thread Group 1-2,GET - Filmes,4436,Success,540,158,4436,0
758,17:45:36.968,Thread Group 1-3,POST - Comprar,1905,Success,313,200,1905,0
759,17:45:36.968,Thread Group 1-10,POST - Comprar,2538,Success,313,200,2538,0
760,17:45:36.337,Thread Group 1-8,GET - Filmes,3170,Success,540,158,3170,0
761,17:45:35.704,Thread Group 1-6,GET - Filmes,3803,Success,540,158,3803,0
762,17:45:38.238,Thread Group 1-7,POST - Comprar,1900,Success,313,200,1900,0
763,17:45:38.238,Thread Group 1-4,POST - Comprar,2533,Success,313,200,2533,0
764,17:45:38.238,Thread Group 1-2,POST - Comprar,3163,Success,312,200,3163,0
765,17:45:37.603,Thread Group 1-9,GET - Filmes,3799,Success,540,158,3799,0
766,17:45:38.237,Thread Group 1-5,GET - Filmes,3165,Success,540,158,3165,0
767,17:45:36.968,Thread Group 1-1,GET - Filmes,4434,Success,540,158,4434,0
768,17:45:39.507,Thread Group 1-8,POST - Comprar,2530,Success,313,200,2530,0
769,17:45:39.507,Thread Group 1-6,POST - Comprar,3163,Success,312,200,3163,0
770,17:45:41.403,Thread Group 1-9,POST - Comprar,1901,Success,313,200,1901,0
771,17:45:38.873,Thread Group 1-3,GET - Filmes,4431,Success,540,158,4431,0
772,17:45:41.403,Thread Group 1-1,POST - Comprar,2539,Success,312,200,2539,0
773,17:45:40.139,Thread Group 1-7,GET - Filmes,3802,Success,540,158,3802,0
774,17:45:39.506,Thread Group 1-10,GET - Filmes,4435,Success,540,158,4435,0
775,17:45:40.772,Thread Group 1-4,GET - Filmes,3170,Success,540,158,3170,0
776,17:45:43.305,Thread Group 1-3,POST - Comprar,1273,Success,312,200,1273,0
777,17:45:43.942,Thread Group 1-7,POST - Comprar,1271,Success,313,200,1271,0
778,17:45:42.039,Thread Group 1-8,GET - Filmes,3174,Success,540,158,3174,0
779,17:45:42.671,Thread Group 1-6,GET - Filmes,2542,Success,540,158,2542,0
780,17:45:43.943,Thread Group 1-10,POST - Comprar,1903,Success,312,200,1903,0
781,17:45:41.403,Thread Group 1-5,POST - Comprar,5075,Success,313,200,5075,1
782,17:45:43.304,Thread Group 1-9,GET - Filmes,3175,Success,540,158,3175,0
783,17:45:41.403,Thread Group 1-2,GET - Filmes,5076,Success,540,158,5076,1
784,17:45:45.212,Thread Group 1-8,POST - Comprar,1899,Success,313,200,1899,0
785,17:45:44.579,Thread Group 1-3,GET - Filmes,2534,Success,540,158,2534,0
786,17:45:46.478,Thread Group 1-9,POST - Comprar,1268,Success,312,200,1268,0
787,17:45:46.478,Thread Group 1-2,POST - Comprar,1898,Success,312,200,1898,0
788,17:45:43.943,Thread Group 1-4,POST - Comprar,5065,Success,312,200,5065,0
789,17:45:45.845,Thread Group 1-10,GET - Filmes,3162,Success,540,158,3162,0
790,17:45:43.942,Thread Group 1-1,GET - Filmes,5066,Success,540,158,5066,1
791,17:45:49.007,Thread Group 1-1,POST - Comprar,633,Success,313,200,632,0
792,17:45:45.212,Thread Group 1-6,POST - Comprar,5060,Success,312,200,5060,1
793,17:45:46.478,Thread Group 1-5,GET - Filmes,3794,Success,540,158,3794,0
794,17:45:49.007,Thread Group 1-4,GET - Filmes,1266,Success,540,158,1266,0
795,17:45:45.212,Thread Group 1-7,GET - Filmes,5061,Success,540,158,5061,1
796,17:45:48.376,Thread Group 1-2,GET - Filmes,1897,Success,540,158,1897,0
797,17:45:50.273,Thread Group 1-5,POST - Comprar,643,Success,313,200,643,0
798,17:45:50.273,Thread Group 1-7,POST - Comprar,1280,Success,313,200,1280,0
799,17:45:50.273,Thread Group 1-4,POST - Comprar,1914,Success,312,200,1914,0
800,17:45:50.273,Thread Group 1-2,POST - Comprar,2548,Success,312,200,2548,0
801,17:45:47.112,Thread Group 1-3,POST - Comprar,6341,Success,313,200,6341,0
802,17:45:49.640,Thread Group 1-1,GET - Filmes,3813,Success,540,158,3813,0
803,17:45:50.272,Thread Group 1-6,GET - Filmes,3181,Success,540,158,3181,0
804,17:45:47.111,Thread Group 1-8,GET - Filmes,6342,Success,540,158,6342,1
805,17:45:53.453,Thread Group 1-6,POST - Comprar,636,Success,313,200,636,0
806,17:45:53.453,Thread Group 1-1,POST - Comprar,1270,Success,313,200,1270,0
807,17:45:53.454,Thread Group 1-8,POST - Comprar,1903,Success,313,200,1903,0
808,17:45:49.007,Thread Group 1-10,POST - Comprar,6984,Success,313,200,6984,1
809,17:45:50.916,Thread Group 1-5,GET - Filmes,5076,Success,540,158,5076,0
810,17:45:51.553,Thread Group 1-7,GET - Filmes,4439,Success,540,158,4439,0
811,17:45:52.187,Thread Group 1-4,GET - Filmes,3805,Success,540,158,3805,0
812,17:45:52.821,Thread Group 1-2,GET - Filmes,3171,Success,540,158,3171,0
813,17:45:53.453,Thread Group 1-3,GET - Filmes,2539,Success,540,158,2539,0
814,17:45:47.746,Thread Group 1-9,GET - Filmes,8246,Success,540,158,8246,0
815,17:45:55.992,Thread Group 1-7,POST - Comprar,634,Success,313,200,634,0
816,17:45:55.992,Thread Group 1-4,POST - Comprar,1266,Success,313,200,1266,0
817,17:45:55.992,Thread Group 1-5,POST - Comprar,1897,Success,313,200,1897,0
818,17:45:55.992,Thread Group 1-2,POST - Comprar,2533,Success,312,200,2533,0
819,17:45:55.992,Thread Group 1-3,POST - Comprar,3166,Success,312,200,3166,0
820,17:45:55.992,Thread Group 1-9,POST - Comprar,3802,Success,313,200,3802,0
821,17:45:54.090,Thread Group 1-6,GET - Filmes,5704,Success,540,158,5704,0
822,17:45:54.723,Thread Group 1-1,GET - Filmes,5071,Success,540,158,5071,0
823,17:45:55.357,Thread Group 1-8,GET - Filmes,4437,Success,540,158,4437,0
824,17:45:55.992,Thread Group 1-10,GET - Filmes,3802,Success,540,158,3802,0
825,17:45:59.794,Thread Group 1-1,POST - Comprar,635,Success,312,200,635,0
826,17:45:57.258,Thread Group 1-4,GET - Filmes,3171,Success,540,158,3171,0
827,17:45:56.627,Thread Group 1-7,GET - Filmes,3802,Success,540,158,3802,0
828,17:45:57.890,Thread Group 1-5,GET - Filmes,2539,Success,540,158,2539,0
829,17:45:58.525,Thread Group 1-2,GET - Filmes,1905,Success,540,158,1905,0
830,17:45:59.794,Thread Group 1-6,POST - Comprar,1272,Success,313,200,1272,0
831,17:45:59.794,Thread Group 1-8,POST - Comprar,1905,Success,312,200,1905,0
832,17:45:59.794,Thread Group 1-10,POST - Comprar,2538,Success,313,200,2538,0
833,17:45:59.794,Thread Group 1-9,GET - Filmes,2538,Success,540,158,2538,0
834,17:45:59.158,Thread Group 1-3,GET - Filmes,3174,Success,540,158,3174,0
835,17:46:00.429,Thread Group 1-4,POST - Comprar,2540,Success,312,200,2540,0
836,17:46:00.430,Thread Group 1-5,POST - Comprar,3168,Success,313,200,3168,0
837,17:46:00.430,Thread Group 1-2,POST - Comprar,3797,Success,312,200,3797,0
838,17:46:00.429,Thread Group 1-1,GET - Filmes,4431,Success,540,158,4431,0
839,17:46:00.430,Thread Group 1-7,POST - Comprar,4430,Success,312,200,4430,0
840,17:46:02.333,Thread Group 1-3,POST - Comprar,3164,Success,312,200,3163,0
841,17:46:02.333,Thread Group 1-9,POST - Comprar,3797,Success,313,200,3797,0
842,17:46:01.066,Thread Group 1-6,GET - Filmes,5065,Success,540,158,5065,0
843,17:46:01.699,Thread Group 1-8,GET - Filmes,4432,Success,540,158,4432,0
844,17:46:04.860,Thread Group 1-1,POST - Comprar,1903,Success,312,200,1903,0
845,17:46:03.598,Thread Group 1-5,GET - Filmes,3165,Success,540,158,3165,0
846,17:46:02.969,Thread Group 1-4,GET - Filmes,3794,Success,540,158,3794,0
847,17:46:04.228,Thread Group 1-2,GET - Filmes,2536,Success,540,158,2536,0
848,17:46:02.332,Thread Group 1-10,GET - Filmes,4432,Success,540,158,4432,0
849,17:46:06.131,Thread Group 1-6,POST - Comprar,1266,Success,312,200,1266,0
850,17:46:06.131,Thread Group 1-8,POST - Comprar,1899,Success,312,200,1899,0
851,17:46:05.497,Thread Group 1-3,GET - Filmes,2533,Success,540,158,2533,0
852,17:46:04.860,Thread Group 1-7,GET - Filmes,3171,Success,540,158,3171,0
853,17:46:06.764,Thread Group 1-4,POST - Comprar,1900,Success,312,200,1900,0
854,17:46:06.764,Thread Group 1-5,POST - Comprar,2531,Success,312,200,2531,0
855,17:46:06.764,Thread Group 1-2,POST - Comprar,3166,Success,313,200,3166,0
856,17:46:06.764,Thread Group 1-10,POST - Comprar,3801,Success,313,200,3801,0
857,17:46:06.763,Thread Group 1-1,GET - Filmes,3802,Success,540,158,3802,0
858,17:46:06.131,Thread Group 1-9,GET - Filmes,4434,Success,540,158,4434,0
859,17:46:08.030,Thread Group 1-3,POST - Comprar,3168,Success,313,200,3168,0
860,17:46:08.031,Thread Group 1-7,POST - Comprar,3800,Success,313,200,3800,0
861,17:46:07.398,Thread Group 1-6,GET - Filmes,4434,Success,540,158,4434,0
862,17:46:08.030,Thread Group 1-8,GET - Filmes,3802,Success,540,158,3802,0
863,17:46:10.566,Thread Group 1-1,POST - Comprar,1901,Success,313,200,1901,0
864,17:46:10.566,Thread Group 1-9,POST - Comprar,2535,Success,312,200,2535,0
865,17:46:08.664,Thread Group 1-4,GET - Filmes,4437,Success,540,158,4437,0
866,17:46:09.295,Thread Group 1-5,GET - Filmes,3806,Success,540,158,3806,0
867,17:46:09.931,Thread Group 1-2,GET - Filmes,3170,Success,540,158,3170,0
868,17:46:11.832,Thread Group 1-8,POST - Comprar,1903,Success,313,200,1903,0
869,17:46:11.832,Thread Group 1-6,POST - Comprar,2539,Success,313,200,2539,0
870,17:46:11.199,Thread Group 1-3,GET - Filmes,3172,Success,540,158,3172,0
871,17:46:10.565,Thread Group 1-10,GET - Filmes,3806,Success,540,158,3806,0
872,17:46:13.101,Thread Group 1-4,POST - Comprar,1913,Success,312,200,1913,0
873,17:46:13.101,Thread Group 1-5,POST - Comprar,2547,Success,312,200,2547,0
874,17:46:13.101,Thread Group 1-2,POST - Comprar,3181,Success,313,200,3181,0
875,17:46:12.467,Thread Group 1-1,GET - Filmes,3815,Success,540,158,3815,0
876,17:46:13.101,Thread Group 1-9,GET - Filmes,3181,Success,540,158,3181,0
877,17:46:11.831,Thread Group 1-7,GET - Filmes,4451,Success,540,158,4451,0
878,17:46:14.371,Thread Group 1-3,POST - Comprar,2544,Success,313,200,2544,0
879,17:46:14.371,Thread Group 1-10,POST - Comprar,3176,Success,312,200,3176,0
880,17:46:13.735,Thread Group 1-8,GET - Filmes,3812,Success,540,158,3812,0
881,17:46:16.283,Thread Group 1-9,POST - Comprar,1898,Success,312,200,1898,0
882,17:46:16.283,Thread Group 1-1,POST - Comprar,2531,Success,312,200,2531,0
883,17:46:16.284,Thread Group 1-7,POST - Comprar,3166,Success,313,200,3166,0
884,17:46:15.014,Thread Group 1-4,GET - Filmes,4435,Success,540,158,4435,0
885,17:46:15.649,Thread Group 1-5,GET - Filmes,3801,Success,540,158,3801,0
886,17:46:16.283,Thread Group 1-2,GET - Filmes,3167,Success,540,158,3167,0
887,17:46:14.371,Thread Group 1-6,GET - Filmes,5078,Success,540,158,5078,0
888,17:46:17.549,Thread Group 1-8,POST - Comprar,2535,Success,312,200,2535,0
889,17:46:19.450,Thread Group 1-4,POST - Comprar,1267,Success,312,200,1267,0
890,17:46:16.916,Thread Group 1-3,GET - Filmes,3802,Success,540,158,3802,0
891,17:46:19.450,Thread Group 1-6,POST - Comprar,1902,Success,313,200,1902,0
892,17:46:19.450,Thread Group 1-5,POST - Comprar,2535,Success,313,200,2535,0
893,17:46:19.450,Thread Group 1-2,POST - Comprar,3165,Success,313,200,3165,0
894,17:46:18.181,Thread Group 1-9,GET - Filmes,4434,Success,540,158,4434,0
895,17:46:18.814,Thread Group 1-1,GET - Filmes,3802,Success,540,158,3802,0
896,17:46:19.450,Thread Group 1-7,GET - Filmes,3166,Success,540,158,3166,0
897,17:46:17.548,Thread Group 1-10,GET - Filmes,5068,Success,540,158,5068,0
898,17:46:20.717,Thread Group 1-3,POST - Comprar,2531,Success,313,200,2531,0
899,17:46:20.084,Thread Group 1-8,GET - Filmes,3165,Success,540,158,3165,0
900,17:46:22.615,Thread Group 1-9,POST - Comprar,1264,Success,313,200,1264,0
901,17:46:22.615,Thread Group 1-1,POST - Comprar,1900,Success,313,200,1900,0
902,17:46:22.615,Thread Group 1-10,POST - Comprar,2534,Success,312,200,2534,0
903,17:46:22.615,Thread Group 1-7,POST - Comprar,3169,Success,312,200,3169,0
904,17:46:20.717,Thread Group 1-4,GET - Filmes,5067,Success,540,158,5067,0
905,17:46:21.352,Thread Group 1-6,GET - Filmes,4432,Success,540,158,4432,0
906,17:46:21.984,Thread Group 1-5,GET - Filmes,3800,Success,540,158,3800,0
907,17:46:23.248,Thread Group 1-8,POST - Comprar,3169,Success,313,200,3169,0
908,17:46:22.615,Thread Group 1-2,GET - Filmes,3803,Success,540,158,3803,0
909,17:46:25.785,Thread Group 1-4,POST - Comprar,1266,Success,313,200,1266,0
910,17:46:25.785,Thread Group 1-6,POST - Comprar,1901,Success,313,200,1901,0
911,17:46:25.785,Thread Group 1-5,POST - Comprar,2537,Success,313,200,2537,0
912,17:46:23.879,Thread Group 1-9,GET - Filmes,4443,Success,540,158,4443,0
913,17:46:24.515,Thread Group 1-1,GET - Filmes,3807,Success,540,158,3807,0
914,17:46:25.149,Thread Group 1-10,GET - Filmes,3173,Success,540,158,3173,0
915,17:46:25.784,Thread Group 1-7,GET - Filmes,2538,Success,540,158,2538,0
916,17:46:23.248,Thread Group 1-3,GET - Filmes,5075,Success,540,158,5074,0
917,17:46:26.418,Thread Group 1-2,POST - Comprar,2555,Success,313,200,2555,0
918,17:46:28.322,Thread Group 1-9,POST - Comprar,1289,Success,312,200,1289,0
919,17:46:28.322,Thread Group 1-1,POST - Comprar,1934,Success,313,200,1934,0
920,17:46:28.322,Thread Group 1-10,POST - Comprar,2566,Success,313,200,2566,0
921,17:46:28.322,Thread Group 1-7,POST - Comprar,3205,Success,313,200,3205,0
922,17:46:28.323,Thread Group 1-3,POST - Comprar,3839,Success,313,200,3839,0
923,17:46:27.051,Thread Group 1-4,GET - Filmes,5111,Success,540,158,5111,0
924,17:46:28.322,Thread Group 1-5,GET - Filmes,3840,Success,540,158,3840,0
925,17:46:27.686,Thread Group 1-6,GET - Filmes,4476,Success,540,158,4476,0
926,17:46:26.418,Thread Group 1-8,GET - Filmes,5744,Success,540,158,5744,0
927,17:46:32.162,Thread Group 1-5,POST - Comprar,644,Success,312,200,644,0
928,17:46:32.163,Thread Group 1-4,POST - Comprar,1276,Success,312,200,1276,0
929,17:46:32.163,Thread Group 1-6,POST - Comprar,1908,Success,312,200,1908,0
930,17:46:32.163,Thread Group 1-8,POST - Comprar,2544,Success,312,200,2544,0
931,17:46:28.973,Thread Group 1-2,GET - Filmes,5734,Success,540,158,5734,0
932,17:46:29.611,Thread Group 1-9,GET - Filmes,5096,Success,540,158,5096,0
933,17:46:30.257,Thread Group 1-1,GET - Filmes,4450,Success,540,158,4450,0
934,17:46:30.888,Thread Group 1-10,GET - Filmes,3819,Success,540,158,3819,0
935,17:46:32.162,Thread Group 1-3,GET - Filmes,2545,Success,540,158,2545,0
936,17:46:31.527,Thread Group 1-7,GET - Filmes,3180,Success,540,158,3180,0
937,17:46:34.707,Thread Group 1-2,POST - Comprar,635,Success,312,200,635,0
938,17:46:32.806,Thread Group 1-5,GET - Filmes,2886,Warning,2669,0,0,0
939,17:46:33.439,Thread Group 1-4,GET - Filmes,2253,Warning,2669,0,0,0
940,17:46:34.707,Thread Group 1-8,GET - Filmes,986,Warning,2669,0,0,0
941,17:46:34.708,Thread Group 1-7,POST - Comprar,984,Warning,2669,0,0,0
942,17:46:34.707,Thread Group 1-1,POST - Comprar,986,Warning,2669,0,0,0
943,17:46:34.707,Thread Group 1-3,POST - Comprar,986,Warning,2669,0,0,0
944,17:46:34.707,Thread Group 1-9,POST - Comprar,987,Warning,2669,0,0,0
945,17:46:34.071,Thread Group 1-6,GET - Filmes,1623,Warning,2669,0,0,0
946,17:46:34.707,Thread Group 1-10,POST - Comprar,987,Warning,2669,0,0,0
947,17:46:35.343,Thread Group 1-2,GET - Filmes,351,Warning,2669,0,0,0